Parent Link (ID URL),Child Link (ID URL)
1: https://www.uni-hannover.de/de,
,2: https://www.archland.uni-hannover.de/de
,3: https://www.fbg.uni-hannover.de/de
,4: https://www.fei.uni-hannover.de/de
,5: https://www.maschinenbau.uni-hannover.de/de
,6: https://www.maphy.uni-hannover.de/de
,7: https://www.naturwissenschaften.uni-hannover.de/de
,8: https://www.jura.uni-hannover.de/de
,9: https://www.phil.uni-hannover.de/de
,10: https://www.wiwi.uni-hannover.de/de
,11: https://www.quest-lfs.uni-hannover.de/de
,12: https://www.lse.uni-hannover.de/de
,13: https://www.lso.uni-hannover.de/de
2: https://www.archland.uni-hannover.de/de,
,1: https://www.uni-hannover.de/de
,14: https://www.staedtebau.uni-hannover.de/de
,15: https://www.entwerfen.uni-hannover.de/de
,16: https://www.iek.uni-hannover.de/de
,17: https://www.igt.uni-hannover.de/de
,18: https://www.igd.uni-hannover.de/de
,19: https://www.ila.uni-hannover.de/de
,20: https://www.freiraum.uni-hannover.de/de
,21: https://www.umwelt.uni-hannover.de/de
,22: https://www.ibw.uni-hannover.de/de
,23: https://www.archland.uni-hannover.de/en
,24: https://www.archland.uni-hannover.de/de/kontakt-1
,25: https://www.archland.uni-hannover.de/de/fakultaet
,26: https://www.archland.uni-hannover.de/de/fakultaet/institute
,27: https://www.archland.uni-hannover.de/de/fakultaet/gleichstellung-und-bildungsgerechtigkeit
,28: https://www.archland.uni-hannover.de/de/fakultaet/intern
,29: https://www.archland.uni-hannover.de/de/fakultaet/organisation
,30: https://www.archland.uni-hannover.de/de/fakultaet/personenverzeichnis/results/eyJsYW5nIjowfQ==?cHash=10a9282bcdb61234253f1d39e656a768
,31: https://www.archland.uni-hannover.de/de/fakultaet/gremien
,32: https://www.archland.uni-hannover.de/de/fakultaet/profil
,33: https://www.archland.uni-hannover.de/de/fakultaet/ausstattung
,34: https://www.archland.uni-hannover.de/de/fakultaet/energiesparen
,35: https://www.archland.uni-hannover.de/de/studium
,36: https://www.archland.uni-hannover.de/de/studium/vor-dem-studium
,37: https://www.archland.uni-hannover.de/de/studium/praktikumsboerse
,38: https://www.archland.uni-hannover.de/de/studium/im-studium
,39: https://www.archland.uni-hannover.de/de/studium/nach-dem-studium
,40: https://www.archland.uni-hannover.de/de/studium/internationales
,41: https://www.archland.uni-hannover.de/de/forschung
,42: https://www.archland.uni-hannover.de/de/forschung/habitate-der-zukunft
,43: https://www.archland.uni-hannover.de/de/forschung/aulet-forschungsanreizprogramm
,44: https://www.archland.uni-hannover.de/de/forschung/forschungsprojekte
,45: https://www.archland.uni-hannover.de/de/forschung/promotionen
,46: https://www.archland.uni-hannover.de/de/forschung/forschung-an-den-instituten
,47: https://www.archland.uni-hannover.de/de/forschung/veranstaltungen-und-meldungen
,48: https://www.archland.uni-hannover.de/de/forschung/forschungskooperationen
,49: https://www.archland.uni-hannover.de/de/forschung/kontakt
,50: https://www.archland.uni-hannover.de/de/aktivitaeten
,51: https://www.archland.uni-hannover.de/de/aktivitaeten/veranstaltungen
,52: https://www.archland.uni-hannover.de/de/aktivitaeten/jahrbuch-hochweit
,53: https://www.archland.uni-hannover.de/de/aktivitaeten/meldungen
,54: https://www.archland.uni-hannover.de/de/aktivitaeten/alumni
,55: https://www.archland.uni-hannover.de/de/aktivitaeten/dienstags-um-6
,56: https://www.archland.uni-hannover.de/de/aktivitaeten/newsletter
,57: https://www.archland.uni-hannover.de/de/aktivitaeten/impressionen
,58: https://www.archland.uni-hannover.de/de/aktivitaeten/pr-guidelines
,59: https://www.archland.uni-hannover.de/de/aktivitaeten/meldungen/meldungen-detailansicht/news/a4f-ringvorlesung-gemeinsam-fuer-eine-bauwende
,60: https://www.archland.uni-hannover.de/de/aktivitaeten/meldungen/meldungen-detailansicht/news/dr-eike-schling-neuer-professor-fuer-tragwerksplanung
,61: https://www.uni-hannover.de/de/studium/studienangebot/info/studiengang/detail/landschaftsarchitektur-und-umweltplanung
,62: https://www.uni-hannover.de/de/studium/studienangebot/info/studiengang/detail/architektur
,63: https://www.lse.uni-hannover.de/de/studium/lbs
,64: https://www.uni-hannover.de/de/datenschutzerklaerung#c54019
,65: https://www.archland.uni-hannover.de/de#open-video
,66: https://www.archland.uni-hannover.de/de/studium/vor-dem-studium/bewerbungsinformationen-und-unterlagen
,67: https://www.archland.uni-hannover.de/de/aktivitaeten/veranstaltungen/veranstaltungen-detailansicht/news/blankoveranstaltung-ueberschrift-8
,68: https://www.archland.uni-hannover.de/de/aktivitaeten/meldungen/meldungen-detailansicht/news/dresdner-erklaerung-die-bauwende-beginnt-im-studium
,69: https://www.archland.uni-hannover.de/de/aktivitaeten/meldungen/meldungen-detailansicht/news/landlabs-entwurfsstrategien-fuer-nachhaltige-und-schoene-urbane-landschaften-im-anthropozaen
,70: https://www.archland.uni-hannover.de/de/aktivitaeten/meldungen/meldungen-detailansicht/news/studienpreis-der-niedersaechsischen-sparkassenstiftung-fuer-denkmalpflege-2024-fuer-wiebke-woelke
,71: https://www.archland.uni-hannover.de/de/aktivitaeten/meldungen/meldungen-detailansicht/news/bestand-braucht-bildung-podcast
,72: https://www.archland.uni-hannover.de/de/startseitenmeldungen/moebel-fuer-das-welfenschloss
,73: https://studiengaenge.zeit.de/studium/ingenieurwissenschaften/architektur/architektur
,74: https://www.trust.uni-hannover.de/de
,75: https://www.archland.uni-hannover.de/de/studium/internationales/eu-notifizierung
,76: https://www.instagram.com/fal_hannover
,77: https://www.uni-hannover.de/de/copyright
,78: https://www.archland.uni-hannover.de/de/impressum
,79: https://www.uni-hannover.de/de/datenschutzerklaerung
,80: https://www.archland.uni-hannover.de/de/barrierefreiheit
,81: https://www.archland.uni-hannover.de/de/sitemap
,82: https://www.archland.uni-hannover.de/de?tx_luhwebsite_mobilenav%5Baction%5D=show&tx_luhwebsite_mobilenav%5Bcontroller%5D=OffCanvas&tx_luhwebsite_mobilenav%5Buid%5D=435&type=1513087837&cHash=2262ed0ec2bff428719ccb25a4043ca5
,83: https://www.archland.uni-hannover.de/de?tx_luhwebsite_mobilenav%5Baction%5D=show&tx_luhwebsite_mobilenav%5Bcontroller%5D=OffCanvas&tx_luhwebsite_mobilenav%5Buid%5D=436&type=1513087837&cHash=5913f877146693c09435d5d3d81d3fcf
,84: https://www.archland.uni-hannover.de/de?tx_luhwebsite_mobilenav%5Baction%5D=show&tx_luhwebsite_mobilenav%5Bcontroller%5D=OffCanvas&tx_luhwebsite_mobilenav%5Buid%5D=6930&type=1513087837&cHash=13cf85bac74a87e1b47c0c9aa782a044
,85: https://www.archland.uni-hannover.de/de?tx_luhwebsite_mobilenav%5Baction%5D=show&tx_luhwebsite_mobilenav%5Bcontroller%5D=OffCanvas&tx_luhwebsite_mobilenav%5Buid%5D=54&type=1513087837&cHash=e4583f265ec9d7f5aa7b05354e5760c2
3: https://www.fbg.uni-hannover.de/de,
,1: https://www.uni-hannover.de/de
,86: https://www.icom.uni-hannover.de/de
,87: https://www.ibnm.uni-hannover.de/de
,88: https://www.ifbp.uni-hannover.de/de
,89: https://www.baustoff.uni-hannover.de/de
,90: https://www.massivbau.uni-hannover.de/de
,91: https://www.irz.uni-hannover.de/de
,92: https://www.stahlbau.uni-hannover.de/de
,93: https://www.isd.uni-hannover.de/de
,94: https://www.iwes.uni-hannover.de/de
,95: https://www.igth.uni-hannover.de/de
,96: https://www.iww.uni-hannover.de/de
,97: https://www.isah.uni-hannover.de/de
,98: https://www.hydromech.uni-hannover.de/de
,99: https://www.lufi.uni-hannover.de/de
,100: https://www.gih.uni-hannover.de/de
,101: https://www.ife.uni-hannover.de/de
,102: https://www.ikg.uni-hannover.de/de
,103: https://www.ipi.uni-hannover.de/de
,104: https://www.tth.uni-hannover.de/de
,105: https://www.fbg.uni-hannover.de/en
,106: https://www.fbg.uni-hannover.de/de/kontakt-1
,107: https://www.fbg.uni-hannover.de/de/fakultaet
,108: https://www.fbg.uni-hannover.de/de/fakultaet/leitung-organisation
,109: https://www.fbg.uni-hannover.de/de/fakultaet/alumni
,110: https://www.fbg.uni-hannover.de/de/fakultaet/stellenangebote-praktikum
,111: https://www.fbg.uni-hannover.de/de/fakultaet/personenverzeichnis/results/eyJsYW5nIjowfQ==?cHash=84c4cbb8b103e042b5f82fbb25fe187e
,112: https://www.fbg.uni-hannover.de/de/fakultaet/news-veranstaltungen
,113: https://www.fbg.uni-hannover.de/de/fakultaet/internationales
,114: https://www.fbg.uni-hannover.de/de/fakultaet/institute-einrichtungen
,115: https://www.fbg.uni-hannover.de/de/fakultaet/standorte
,116: https://www.fbg.uni-hannover.de/de/fakultaet/chancengleichheit-und-diversitaet
,117: https://www.fbg.uni-hannover.de/de/fakultaet/professorinnen-und-professoren
,118: https://www.fbg.uni-hannover.de/de/fakultaet/fakultaetsinterne-informationen
,119: https://www.fbg.uni-hannover.de/de/studium
,120: https://www.fbg.uni-hannover.de/de/studium/studienangebot-der-fakultaet
,121: https://www.fbg.uni-hannover.de/de/studium/vor-dem-studium
,122: https://www.fbg.uni-hannover.de/de/studium/im-studium
,123: https://www.fbg.uni-hannover.de/de/studium/nach-dem-studium
,124: https://www.fbg.uni-hannover.de/de/forschung
,125: https://www.fbg.uni-hannover.de/de/forschung/forschungsschwerpunkte
,126: https://www.fbg.uni-hannover.de/de/forschung/forschungsaufenthalte
,127: https://www.fbg.uni-hannover.de/de/forschung/interdisziplinaere-forschungsverbuende
,128: https://www.fbg.uni-hannover.de/de/forschung/dfg-programme
,129: https://www.fbg.uni-hannover.de/de/forschung/promotion-und-habilitation
,130: https://www.fbg.uni-hannover.de/de/fakultaet/news-veranstaltungen/news/aktuelles-detailansicht/news/neuer-forschungsschwerpunkt-energieforschung
,131: https://www.fbg.uni-hannover.de/de/studium/studienangebot-der-fakultaet/geodaesie-und-geoinformatik#c120179
,132: https://www.fbg.uni-hannover.de/de/fakultaet/news-veranstaltungen/news/aktuelles-detailansicht/news/luh-studierendenbefragung-2024
,133: https://www.fbg.uni-hannover.de/de/fakultaet/news-veranstaltungen/news/aktuelles-detailansicht/news/geowerkstatt-mai-digitale-smart-village-konzepte
,134: https://www.fbg.uni-hannover.de/de/fakultaet/news-veranstaltungen/news/aktuelles-detailansicht/news/brueckenschlag-zwischen-wissen-und-innovation-3-chinesisch-deutscher-workshops-zur-zuverlaessigkeit-komplexer-systeme
,135: https://www.fbg.uni-hannover.de/de/fakultaet/news-veranstaltungen/news
,136: https://www.fbg.uni-hannover.de/de/fakultaet/news-veranstaltungen/veranstaltungen/veranstaltungen-detailansicht/news/ideenexpo-2024
,137: https://www.fbg.uni-hannover.de/de/fakultaet/news-veranstaltungen/veranstaltungen/veranstaltungen-detailansicht/news/machine-learning-as-a-tool-to-map-the-world-on-remote-sensing-and-predictive-modelling-for-enviro-1-3-1-2-1-6-1
,138: https://www.fbg.uni-hannover.de/de/fakultaet/news-veranstaltungen/veranstaltungen/veranstaltungen-detailansicht/news/hochschulinformationstage-2024
,139: https://www.fbg.uni-hannover.de/de/fakultaet/news-veranstaltungen/veranstaltungen
,140: https://studip.uni-hannover.de
,141: https://qis.verwaltung.uni-hannover.de/qisserver/rds?state=wtree&search=1&menuid=lectureindex
,142: https://www.uni-hannover.de/de/studium/semestertermine
,143: https://standortfinder.uni-hannover.de/de
,144: https://www.tu9.de
,145: https://www.hochschulverband.de
,146: https://www.chancenvielfalt.uni-hannover.de/de/familienservice
,147: https://www.facebook.com/FakultaetBauUndGeoUniHannover
,77: https://www.uni-hannover.de/de/copyright
,148: https://www.fbg.uni-hannover.de/de/impressum
,79: https://www.uni-hannover.de/de/datenschutzerklaerung
,149: https://www.fbg.uni-hannover.de/de/barrierefreiheit
,150: https://www.fbg.uni-hannover.de/de/sitemap
,151: https://www.fbg.uni-hannover.de/de?tx_luhwebsite_mobilenav%5Baction%5D=show&tx_luhwebsite_mobilenav%5Bcontroller%5D=OffCanvas&tx_luhwebsite_mobilenav%5Buid%5D=127&type=1513087837&cHash=1c29742fbbba028a7756d211aeda8e92
,152: https://www.fbg.uni-hannover.de/de?tx_luhwebsite_mobilenav%5Baction%5D=show&tx_luhwebsite_mobilenav%5Bcontroller%5D=OffCanvas&tx_luhwebsite_mobilenav%5Buid%5D=72&type=1513087837&cHash=1dd246cb84519393827e95129034e09c
,153: https://www.fbg.uni-hannover.de/de?tx_luhwebsite_mobilenav%5Baction%5D=show&tx_luhwebsite_mobilenav%5Bcontroller%5D=OffCanvas&tx_luhwebsite_mobilenav%5Buid%5D=55&type=1513087837&cHash=57ecf913d2304ebfeaa22b35cc01cce9
4: https://www.fei.uni-hannover.de/de,
,1: https://www.uni-hannover.de/de
,154: https://www.ims.uni-hannover.de/de
,155: https://www.ial.uni-hannover.de/de
,156: https://www.etp.uni-hannover.de/de
,157: https://www.ifes.uni-hannover.de/de
,158: https://www.geml.uni-hannover.de/de
,159: https://www.mbe.uni-hannover.de/de
,160: https://www.irt.uni-hannover.de/de
,161: https://www.itsec.uni-hannover.de/de
,162: https://www.ai.uni-hannover.de/de
,163: https://www.pi.uni-hannover.de/de
,164: https://www.ise.uni-hannover.de/de
,165: https://www.thi.uni-hannover.de/de
,166: https://www.idas.uni-hannover.de/de
,167: https://www.hft.uni-hannover.de/de
,168: https://www.tnt.uni-hannover.de
,169: https://www.ikt.uni-hannover.de/de
,170: https://www.dei.uni-hannover.de/de
,171: https://www.fei.uni-hannover.de/de/kontakt-1
,172: https://www.fei.uni-hannover.de/de/fakultaet
,173: https://www.fei.uni-hannover.de/de/fakultaet/profil
,174: https://www.fei.uni-hannover.de/de/fakultaet/beauftragte
,175: https://www.fei.uni-hannover.de/de/fakultaet/leitung-organisation
,176: https://www.fei.uni-hannover.de/de/fakultaet/personenverzeichnis/results/eyJsYW5nIjowfQ==?cHash=03c4208d2fe71b99675eb85e743630e6
,177: https://www.fei.uni-hannover.de/de/fakultaet/institute-fachgebiete
,178: https://www.fei.uni-hannover.de/de/fakultaet/historie-der-fakultaet
,179: https://www.fei.uni-hannover.de/de/fakultaet/gremien-kommissionen
,180: https://www.fei.uni-hannover.de/de/fakultaet/fakultaetsinterne-informationen
,181: https://www.fei.uni-hannover.de/de/studium
,182: https://www.fei.uni-hannover.de/de/studium/vor-dem-studium
,183: https://www.fei.uni-hannover.de/de/studium/auslandssemester
,184: https://www.fei.uni-hannover.de/de/studium/im-studium
,185: https://www.fei.uni-hannover.de/de/studium/nach-dem-studium
,186: https://www.fei.uni-hannover.de/de/studium/studien-lehrqualitaet
,187: https://www.fei.uni-hannover.de/de/forschung
,188: https://www.fei.uni-hannover.de/de/forschung/forschungsschwerpunkte
,189: https://www.fei.uni-hannover.de/de/forschung/habilitation
,190: https://www.fei.uni-hannover.de/de/forschung/aktuelle-projekte
,191: https://www.fei.uni-hannover.de/de/forschung/uebergreifende-forschungseinrichtungen
,192: https://www.fei.uni-hannover.de/de/forschung/promotion
,193: https://www.fei.uni-hannover.de/de/aktuelles
,194: https://www.fei.uni-hannover.de/de/aktuelles/news
,195: https://www.fei.uni-hannover.de/de/aktuelles/deans-list-auszeichnung
,196: https://www.fei.uni-hannover.de/de/aktuelles/veranstaltungen
,197: https://www.fei.uni-hannover.de/de/tdf
,198: https://www.fei.uni-hannover.de/de/aktuelles/sitzungstermine
,199: https://www.fei.uni-hannover.de/de/aktuelles/termine-promotionen
,200: https://www.fei.uni-hannover.de/de/aktuelles/news/aktuelles-detailansicht/news/double-degree-computer-science-logic-and-computation-mit-der-tu-wien
,201: https://www.fei.uni-hannover.de/de/aktuelles/news/aktuelles-detailansicht/news/gastvortraege-der-mikroelektronik-im-sommersemester-2024
,202: https://www.uni-hannover.de/de/universitaet/aktuelles/online-aktuell/details/news/neuer-forschungsschwerpunkt-energieforschung-an-der-leibniz-universitaet-hannover
,203: https://www.fei.uni-hannover.de/de/aktuelles/deans-list-auszeichnung#c75636
,204: https://www.fei.uni-hannover.de/de/aktuelles/news/aktuelles-detailansicht/news/preis-fuer-studentisches-projekt-gluecksklee
,205: https://www.fei.uni-hannover.de/de/studium/vor-dem-studium/angebote-fuer-schueler-innen
,206: https://www.fei.uni-hannover.de/de/studierende
,207: https://www.fei.uni-hannover.de/de/fakultaet/gremien-kommissionen/pruefungsausschuesse
,140: https://studip.uni-hannover.de
,141: https://qis.verwaltung.uni-hannover.de/qisserver/rds?state=wtree&search=1&menuid=lectureindex
,208: https://modkat.dbs.uni-hannover.de/modkat/lvk
,209: https://www.fei.uni-hannover.de/de/studium/vor-dem-studium/start-ins-studium
,210: https://www.fei.uni-hannover.de/de/aktuelles/news/aktuelles-detailansicht/news/international-summer-school-bildung-fuer-nachhaltige-entwicklung-bne-einblicke-in-ganzheitliche-schulentwicklung-fuer-eine-transformative-lernkultur
,211: https://www.fei.uni-hannover.de/de/aktuelles/news/aktuelles-detailansicht/news/frauen-in-fuehrungsrollen-berichten
,212: https://www.fei.uni-hannover.de/de/aktuelles/news/aktuelles-detailansicht/news/informaticup-2024
,213: https://www.uni-hannover.de/de/universitaet/aktuelles/veranstaltungen/detail/luhevents/9393?cHash=409b2722eccf5f88b5f20ec4765f3f21
,214: https://www.uni-hannover.de/de/universitaet/aktuelles/veranstaltungen/detail/luhevents/9397?cHash=66da854e2248c064b273bc0109e33efd
,215: https://www.uni-hannover.de/de/universitaet/aktuelles/veranstaltungen/detail/luhevents/9394?cHash=191b84fba1e36ae19b00b9ba7c68cbf2
,216: https://www.uni-hannover.de/de/universitaet/aktuelles/veranstaltungen
,144: https://www.tu9.de
,145: https://www.hochschulverband.de
,146: https://www.chancenvielfalt.uni-hannover.de/de/familienservice
,77: https://www.uni-hannover.de/de/copyright
,217: https://www.fei.uni-hannover.de/de/impressum
,79: https://www.uni-hannover.de/de/datenschutzerklaerung
,218: https://www.fei.uni-hannover.de/de/barrierefreiheit
,219: https://www.fei.uni-hannover.de/de/sitemap
,220: https://www.fei.uni-hannover.de/de?tx_luhwebsite_mobilenav%5Baction%5D=show&tx_luhwebsite_mobilenav%5Bcontroller%5D=OffCanvas&tx_luhwebsite_mobilenav%5Buid%5D=127&type=1513087837&cHash=b798ab034f1e2fab1f42f1c9463db58d
,221: https://www.fei.uni-hannover.de/de?tx_luhwebsite_mobilenav%5Baction%5D=show&tx_luhwebsite_mobilenav%5Bcontroller%5D=OffCanvas&tx_luhwebsite_mobilenav%5Buid%5D=72&type=1513087837&cHash=34cb7871f6f05a68ff48a262b5307bdb
,222: https://www.fei.uni-hannover.de/de?tx_luhwebsite_mobilenav%5Baction%5D=show&tx_luhwebsite_mobilenav%5Bcontroller%5D=OffCanvas&tx_luhwebsite_mobilenav%5Buid%5D=55&type=1513087837&cHash=1d23266439f6a700af83a23f44c76359
,223: https://www.fei.uni-hannover.de/de?tx_luhwebsite_mobilenav%5Baction%5D=show&tx_luhwebsite_mobilenav%5Bcontroller%5D=OffCanvas&tx_luhwebsite_mobilenav%5Buid%5D=54&type=1513087837&cHash=89eca77d415a5088e2cc749f21db39de
5: https://www.maschinenbau.uni-hannover.de/de,
,1: https://www.uni-hannover.de/de
,224: https://www.ids.uni-hannover.de/de
,225: https://www.ikm.uni-hannover.de/de
,226: https://www.imkt.uni-hannover.de/de
,227: https://www.imes.uni-hannover.de/de
,228: https://www.imr.uni-hannover.de/de
,229: https://www.ipeg.uni-hannover.de/de
,230: https://www.ikw.uni-hannover.de/de
,231: https://www.imp.uni-hannover.de/de
,232: https://www.itv.uni-hannover.de/de
,233: https://www.ift.uni-hannover.de/de
,234: https://www.tfd.uni-hannover.de/de
,235: https://www.ibm.uni-hannover.de/de
,236: https://www.ifa.uni-hannover.de/de
,237: https://www.ifw.uni-hannover.de/de
,238: https://www.ikk.uni-hannover.de/de
,239: https://www.impt.uni-hannover.de/de
,240: https://www.match.uni-hannover.de/de
,241: https://www.ita.uni-hannover.de/de
,242: https://www.ifum.uni-hannover.de/de
,243: https://www.iw.uni-hannover.de/de
,244: https://www.maschinenbau.uni-hannover.de/en
,245: https://www.maschinenbau.uni-hannover.de/de/kontakt-1
,246: https://www.maschinenbau.uni-hannover.de/de/fakultaet
,247: https://www.maschinenbau.uni-hannover.de/de/fakultaet/profil
,248: https://www.maschinenbau.uni-hannover.de/de/fakultaet/projekte-fuer-schueler-innen
,249: https://www.maschinenbau.uni-hannover.de/de/fakultaet/leitung-organisation
,250: https://www.maschinenbau.uni-hannover.de/de/fakultaet/news-veranstaltungen
,251: https://www.maschinenbau.uni-hannover.de/de/fakultaet/suche-nach-personen/results/eyJsYW5nIjowfQ==?cHash=220c84d126d180f33d073080d22c5111
,252: https://www.maschinenbau.uni-hannover.de/de/fakultaet/technik-salon
,253: https://www.maschinenbau.uni-hannover.de/de/fakultaet/campus-maschinenbau
,254: https://www.maschinenbau.uni-hannover.de/de/fakultaet/campus-brauerei
,255: https://www.maschinenbau.uni-hannover.de/de/studium
,256: https://www.maschinenbau.uni-hannover.de/de/studium/studienangebot-der-fakultaet
,257: https://www.maschinenbau.uni-hannover.de/de/studium/internationales
,258: https://www.maschinenbau.uni-hannover.de/de/studium/vor-dem-studium
,259: https://www.maschinenbau.uni-hannover.de/de/studium/stipendien
,260: https://www.maschinenbau.uni-hannover.de/de/studium/im-studium
,261: https://www.maschinenbau.uni-hannover.de/de/studium/studien-und-lehrqualitaet
,262: https://www.maschinenbau.uni-hannover.de/de/studium/nach-dem-studium
,263: https://www.maschinenbau.uni-hannover.de/de/forschung
,264: https://www.maschinenbau.uni-hannover.de/de/forschung/energie-und-verfahrenstechnik
,265: https://www.maschinenbau.uni-hannover.de/de/forschung/exzellenzcluster
,266: https://www.maschinenbau.uni-hannover.de/de/forschung/sonderforschungsbereiche
,267: https://www.maschinenbau.uni-hannover.de/de/forschung/konstruktion-und-entwicklung
,268: https://www.maschinenbau.uni-hannover.de/de/forschung/forschergruppen
,269: https://www.maschinenbau.uni-hannover.de/de/forschung/transregios
,270: https://www.maschinenbau.uni-hannover.de/de/forschung/produktionstechnik-und-logistik
,271: https://www.maschinenbau.uni-hannover.de/de/forschung/graduiertenkollegs
,272: https://www.maschinenbau.uni-hannover.de/de/forschung/ph-cmg-it2019
,273: https://www.maschinenbau.uni-hannover.de/de/forschung/fachuebergreifende-zentren
,274: https://www.maschinenbau.uni-hannover.de/de/forschung/schwerpunktprogramme
,275: https://www.maschinenbau.uni-hannover.de/de/forschung/promotion-und-habilitation
,276: https://www.maschinenbau.uni-hannover.de/de/karriere
,277: https://www.maschinenbau.uni-hannover.de/de/schwarzes-brett
,278: https://www.maschinenbau.uni-hannover.de/de/hilfe
,279: https://www.maschinenbau.uni-hannover.de/de/hilfe/sprechzeiten-und-kontakte
,280: https://www.maschinenbau.uni-hannover.de/de/fakultaet/profil/chancengleichheit
,281: https://www.maschinenbau.uni-hannover.de/de/studium/im-studium/pruefungen
,282: https://www.maschinenbau.uni-hannover.de/de/fakultaet/news-veranstaltungen/news/aktuelles-detailansicht/news/luh-studierendenbefragung-2024-gestartet
,283: https://www.maschinenbau.uni-hannover.de/de/fakultaet/news-veranstaltungen/news/aktuelles-detailansicht/news/dile-die-institute-laden-ein-2024
,284: https://www.maschinenbau.uni-hannover.de/fileadmin/maschinenbau/Lernraum-Tutorien/Lernraum_Tutorien_Studi_Start_SoSe2024.pdf
,285: https://www.maschinenbau.uni-hannover.de/de/fakultaet/news-veranstaltungen/news/aktuelles-detailansicht/news/visit-us-at-the-ideenexpo
,286: https://www.maschinenbau.uni-hannover.de/de/fakultaet/news-veranstaltungen/news/aktuelles-detailansicht/news/eulist-workshop-in-suedfrankreich-imt-ales
,287: https://www.maschinenbau.uni-hannover.de/de/fakultaet/news-veranstaltungen/news/aktuelles-detailansicht/news/bbq-career-am-7-mai-das-ifw-laedt-ein
,288: https://www.maschinenbau.uni-hannover.de/de/fakultaet/news-veranstaltungen/news
,213: https://www.uni-hannover.de/de/universitaet/aktuelles/veranstaltungen/detail/luhevents/9393?cHash=409b2722eccf5f88b5f20ec4765f3f21
,289: https://www.uni-hannover.de/de/universitaet/aktuelles/veranstaltungen/detail/luhevents/9316?cHash=0739d096400df7189d64a64bfb6b7f42
,214: https://www.uni-hannover.de/de/universitaet/aktuelles/veranstaltungen/detail/luhevents/9397?cHash=66da854e2248c064b273bc0109e33efd
,290: https://www.uni-hannover.de/de/universitaet/aktuelles/veranstaltungen/detail/luhevents/9382?cHash=e9af34feb11a176e2306cd9caf308e78
,216: https://www.uni-hannover.de/de/universitaet/aktuelles/veranstaltungen
,144: https://www.tu9.de
,291: https://www.ftmv.de
,146: https://www.chancenvielfalt.uni-hannover.de/de/familienservice
,292: https://www.facebook.com/MaschinenbauLUH
,293: https://www.youtube.com/channel/UCQ_e56i9z1jp6xAGFK7iT2A
,294: https://www.instagram.com/maschinenbau_luh
,77: https://www.uni-hannover.de/de/copyright
,295: https://www.maschinenbau.uni-hannover.de/de/impressum
,79: https://www.uni-hannover.de/de/datenschutzerklaerung
,296: https://www.maschinenbau.uni-hannover.de/de/barrierefreiheit
,297: https://www.maschinenbau.uni-hannover.de/de/sitemap
,298: https://www.maschinenbau.uni-hannover.de/de?tx_luhwebsite_mobilenav%5Baction%5D=show&tx_luhwebsite_mobilenav%5Bcontroller%5D=OffCanvas&tx_luhwebsite_mobilenav%5Buid%5D=127&type=1513087837&cHash=87f6f554576d7cbaa18a4f428ccec24d
,299: https://www.maschinenbau.uni-hannover.de/de?tx_luhwebsite_mobilenav%5Baction%5D=show&tx_luhwebsite_mobilenav%5Bcontroller%5D=OffCanvas&tx_luhwebsite_mobilenav%5Buid%5D=72&type=1513087837&cHash=417b31bef70415dc82d06e5c37f3b50a
,300: https://www.maschinenbau.uni-hannover.de/de?tx_luhwebsite_mobilenav%5Baction%5D=show&tx_luhwebsite_mobilenav%5Bcontroller%5D=OffCanvas&tx_luhwebsite_mobilenav%5Buid%5D=55&type=1513087837&cHash=0d2075a9e52683d05ec3d457a973af60
,301: https://www.maschinenbau.uni-hannover.de/de?tx_luhwebsite_mobilenav%5Baction%5D=show&tx_luhwebsite_mobilenav%5Bcontroller%5D=OffCanvas&tx_luhwebsite_mobilenav%5Buid%5D=73&type=1513087837&cHash=196ea04d6dd997e5ce884050e1f0b368
6: https://www.maphy.uni-hannover.de/de,
,1: https://www.uni-hannover.de/de
,302: https://www.iazd.uni-hannover.de/de
,303: https://www.iag.uni-hannover.de/de
,304: https://www.analysis.uni-hannover.de/de
,305: https://www.ifam.uni-hannover.de/de
,306: https://www.differentialgeometrie.uni-hannover.de/de
,307: https://www.ivfm.uni-hannover.de/de
,308: https://www.fkp.uni-hannover.de/de
,309: https://www.aei.mpg.de
,310: https://www.iqo.uni-hannover.de/de
,311: https://www.irs.uni-hannover.de/de
,312: https://www.itp.uni-hannover.de/de
,313: https://www.iop.uni-hannover.de/de
,314: https://www.idmp.uni-hannover.de/de
,315: https://www.meteo.uni-hannover.de/de
,316: https://www.maphy.uni-hannover.de/en
,317: https://www.maphy.uni-hannover.de/de/kontakt
,318: https://www.maphy.uni-hannover.de/de/fakultaet
,319: https://www.maphy.uni-hannover.de/de/fakultaet/personen
,320: https://www.maphy.uni-hannover.de/de/fakultaet/fakultaetshandbuch
,321: https://www.maphy.uni-hannover.de/de/fakultaet/professorinnen-und-professoren
,322: https://www.maphy.uni-hannover.de/de/fakultaet/geschichte
,323: https://www.maphy.uni-hannover.de/de/fakultaet/institute
,324: https://www.maphy.uni-hannover.de/de/fakultaet/intern
,325: https://www.maphy.uni-hannover.de/de/fakultaet/berufungen
,326: https://www.maphy.uni-hannover.de/de/studium
,327: https://www.maphy.uni-hannover.de/de/studium/abgabe-von-abschlussarbeiten
,328: https://www.maphy.uni-hannover.de/de/studium/studieninteressierte
,329: https://www.maphy.uni-hannover.de/de/studium/habilitation
,330: https://www.maphy.uni-hannover.de/de/studium/ansprechpersonen-und-beratung
,331: https://www.maphy.uni-hannover.de/de/studium/schuelerinnen
,332: https://www.maphy.uni-hannover.de/de/studium/im-studium
,333: https://www.maphy.uni-hannover.de/de/studium/auslandsaustausch
,334: https://www.maphy.uni-hannover.de/de/studium/start-ins-studium
,335: https://www.maphy.uni-hannover.de/de/studium/promotion
,336: https://www.maphy.uni-hannover.de/de/forschung
,337: https://www.maphy.uni-hannover.de/de/forschung/institute
,338: https://www.maphy.uni-hannover.de/de/forschung/kooperationen
,339: https://www.maphy.uni-hannover.de/de/forschung/exzellenzcluster
,340: https://www.maphy.uni-hannover.de/de/forschung/interdisziplinaere-programme
,341: https://www.maphy.uni-hannover.de/de/forschung/drittmittel-projekte
,342: https://www.maphy.uni-hannover.de/de/forschung/promotion
,343: https://www.maphy.uni-hannover.de/de/forschung/erc-grants
,344: https://www.maphy.uni-hannover.de/de/forschung/habilitation
,345: https://www.maphy.uni-hannover.de/de/news-veranstaltungen
,346: https://www.maphy.uni-hannover.de/de/news-veranstaltungen/tag-der-fakultaet-abschlussfeier
,347: https://www.maphy.uni-hannover.de/de/news-veranstaltungen/saturday-morning-lecture
,348: https://www.maphy.uni-hannover.de/de/news-veranstaltungen/mathematisch-physikalisches-kolloquium
,349: https://www.maphy.uni-hannover.de/de/news-veranstaltungen/math-conf
,350: https://www.maphy.uni-hannover.de/de/news-veranstaltungen/aktuelles-details/news/spannendes-neues-graduiertenkolleg-an-der-luh-von-geometrie-zu-zahlen
,351: https://www.maphy.uni-hannover.de/de/news-veranstaltungen/aktuelles-details/news/humboldt-professuren-in-berlin-verliehen
,352: https://www.maphy.uni-hannover.de/de/news-veranstaltungen/aktuelles-details/news/land-und-bund-eroeffnen-niedersachsen-standort-fuer-die-quantentechnologie-industrie-1
,353: https://www.maphy.uni-hannover.de/de/news-veranstaltungen/aktuelles-details/news/niedersachsen-staerkt-spitzenforschung-in-der-solarenergie
,354: https://www.maphy.uni-hannover.de/de/news-veranstaltungen/aktuelles-details/news/professor-boris-chichkov-erhaelt-2024-julius-springer-preis-fuer-angewandte-physik-1
,355: https://www.maphy.uni-hannover.de/de/fakultaet/alumni
,356: https://www.maphy.uni-hannover.de/de/fakultaet/personen/personenverzeichnis/results/eyJsYW5nIjowfQ==?cHash=477a35273e01f243ea9960deffd2e0a1
,141: https://qis.verwaltung.uni-hannover.de/qisserver/rds?state=wtree&search=1&menuid=lectureindex
,140: https://studip.uni-hannover.de
,357: https://www.maphy.uni-hannover.de/fileadmin/maphy/Allgemein/Wegweiser/240517_Wegweiser_deutsch.pdf
7: https://www.naturwissenschaften.uni-hannover.de/de,
,1: https://www.uni-hannover.de/de
,358: https://www.aci.uni-hannover.de/de
,359: https://www.soil.uni-hannover.de/de
,360: https://www.botanik.uni-hannover.de/de
,361: https://www.idn.uni-hannover.de/de
,362: https://www.igps.uni-hannover.de/de
,363: https://www.geobotanik.uni-hannover.de/de
,364: https://www.geologie.uni-hannover.de/de
,365: https://www.ite.uni-hannover.de/de
,366: https://www.lci.uni-hannover.de/de
,367: https://www.lw.uni-hannover.de/de
,368: https://www.ifmb.uni-hannover.de/de
,369: https://www.mineralogie.uni-hannover.de/de
,370: https://www.oci.uni-hannover.de/de
,371: https://www.ipe.uni-hannover.de/de
,372: https://www.genetik.uni-hannover.de/de
,373: https://www.pci.uni-hannover.de/de
,374: https://www.phygeo.uni-hannover.de/de
,375: https://www.tci.uni-hannover.de/de
,376: https://www.iwkg.uni-hannover.de/de
,377: https://www.cell.uni-hannover.de/de
,378: https://www.naturwissenschaften.uni-hannover.de/en
,379: https://www.naturwissenschaften.uni-hannover.de/de/kontakt-1
,380: https://www.naturwissenschaften.uni-hannover.de/de/fakultaet
,381: https://www.naturwissenschaften.uni-hannover.de/de/fakultaet/leitung-und-organisation
,382: https://www.naturwissenschaften.uni-hannover.de/de/fakultaet/news-und-veranstaltungen
,383: https://www.naturwissenschaften.uni-hannover.de/de/fakultaet/gender-und-diversity
,384: https://www.naturwissenschaften.uni-hannover.de/de/fakultaet/institute
,385: https://www.naturwissenschaften.uni-hannover.de/de/fakultaet/karriere
,386: https://www.naturwissenschaften.uni-hannover.de/de/fakultaet/campusbereiche
,387: https://www.naturwissenschaften.uni-hannover.de/de/fakultaet/alumni
,388: https://www.naturwissenschaften.uni-hannover.de/de/fakultaet/internationales
,389: https://www.naturwissenschaften.uni-hannover.de/de/studium
,390: https://www.naturwissenschaften.uni-hannover.de/de/studium/studienangebot
,391: https://www.naturwissenschaften.uni-hannover.de/de/studium/fachschaft
,392: https://www.naturwissenschaften.uni-hannover.de/de/studium/vor-dem-studium
,393: https://www.naturwissenschaften.uni-hannover.de/de/studium/im-studium
,394: https://www.naturwissenschaften.uni-hannover.de/de/studium/nach-dem-studium
,395: https://www.naturwissenschaften.uni-hannover.de/de/forschung
,396: https://www.naturwissenschaften.uni-hannover.de/de/forschung/netzwerk-und-kooperationen
,397: https://www.naturwissenschaften.uni-hannover.de/de/forschung/promotion
,398: https://www.naturwissenschaften.uni-hannover.de/de/forschung/nachwuchsgruppen
,399: https://www.naturwissenschaften.uni-hannover.de/de/granat
,400: https://www.naturwissenschaften.uni-hannover.de/de/granat/profil
,401: https://www.naturwissenschaften.uni-hannover.de/de/granat/stipendien
,402: https://www.naturwissenschaften.uni-hannover.de/de/granat/newsletter
,403: https://www.naturwissenschaften.uni-hannover.de/de/granat/dozierende
,404: https://www.naturwissenschaften.uni-hannover.de/de/granat/qualifizierungsangebote
,405: https://www.naturwissenschaften.uni-hannover.de/de/granat/termine-und-veranstaltungen
,406: https://www.naturwissenschaften.uni-hannover.de/de/granat/karrierenetzwerke
,407: https://www.naturwissenschaften.uni-hannover.de/de/studium/im-studium/start-ins-studium
,408: https://www.naturwissenschaften.uni-hannover.de/de/fakultaet/leitung-und-organisation/personenverzeichnis/results/eyJsYW5nIjowfQ==?cHash=6fda1001559fee1289820ce34f7a0a11
,409: https://qis.verwaltung.uni-hannover.de/qisserver/rds?state=wtree&search=1&category=veranstaltung.browse&navigationPosition=lectures%2Clectureindex
,410: https://www.naturwissenschaften.uni-hannover.de/de/detail/news/befragung-studienshysituation-jede-stimme-zaehlt
,411: https://www.naturwissenschaften.uni-hannover.de/de/detail/news/faszination-biologie-besuch-staatssekretaer-schachtner
,412: https://www.naturwissenschaften.uni-hannover.de/de/detail/news/zweite-foerderphase-dfg-forschungsgruppe-2881-diffusions-chronometrie-magmatische-systeme
,413: https://www.naturwissenschaften.uni-hannover.de/de/detail/news/exzellente-lehre-prof-jutta-papenbrock-prof-sophia-rudorf-lehrpreis
,414: https://www.naturwissenschaften.uni-hannover.de/de/detail/news/bildung-giftiges-alkaloids-gramin-gerste-entschluesselt-veroeffentlichung-science
,415: https://www.naturwissenschaften.uni-hannover.de/de/detail/news/projekt-aquacombine-salztolerante-nutzpflanzen
,416: https://www.naturwissenschaften.uni-hannover.de/de/fakultaet/news-und-veranstaltungen/archiv
,417: https://www.naturwissenschaften.uni-hannover.de/de/detail/news/ringvorlesung-life-science-im-sommersemester
,418: https://www.naturwissenschaften.uni-hannover.de/de/detail/news/bodenkundekolloquium
,419: https://www.naturwissenschaften.uni-hannover.de/de/detail/news/programm-wirtschaftsgeographisches-master-kolloquium-im-sose-2024
,420: https://www.naturwissenschaften.uni-hannover.de/de/detail/news/liag-seminar-simulation-of-georeservoir-conditions-on-rock-samples-using-ht-hp-laboratory-equipment-kopie-1-1-1
,421: https://www.naturwissenschaften.uni-hannover.de/de/detail/news/prof-dr-jakob-franke-spicy-colourful-toxic-specialised-metabolites-from-plants-1
,422: https://www.naturwissenschaften.uni-hannover.de/de/detail/news/prof-dr-jens-boch-plant-biotechnology-genome-editing
,423: https://www.naturwissenschaften.uni-hannover.de/de/detail/news/hauskolloquium-of-geozentrum-hannover-3-1
,424: https://www.naturwissenschaften.uni-hannover.de/de/detail/news/gender-diversity-tag-2024
,425: https://www.naturwissenschaften.uni-hannover.de/de/fakultaet/veranstaltungen
,144: https://www.tu9.de
,145: https://www.hochschulverband.de
,146: https://www.chancenvielfalt.uni-hannover.de/de/familienservice
,77: https://www.uni-hannover.de/de/copyright
,426: https://www.naturwissenschaften.uni-hannover.de/de/impressum
,79: https://www.uni-hannover.de/de/datenschutzerklaerung
,427: https://www.naturwissenschaften.uni-hannover.de/de/barrierefreiheit
,428: https://www.naturwissenschaften.uni-hannover.de/de/sitemap
,429: https://www.naturwissenschaften.uni-hannover.de/de?tx_luhwebsite_mobilenav%5Baction%5D=show&tx_luhwebsite_mobilenav%5Bcontroller%5D=OffCanvas&tx_luhwebsite_mobilenav%5Buid%5D=127&type=1513087837&cHash=c911ca0ce8a9dab9ae62f979247c9ed4
,430: https://www.naturwissenschaften.uni-hannover.de/de?tx_luhwebsite_mobilenav%5Baction%5D=show&tx_luhwebsite_mobilenav%5Bcontroller%5D=OffCanvas&tx_luhwebsite_mobilenav%5Buid%5D=72&type=1513087837&cHash=266f49252d0a3340f4a9d6c0a4e64689
,431: https://www.naturwissenschaften.uni-hannover.de/de?tx_luhwebsite_mobilenav%5Baction%5D=show&tx_luhwebsite_mobilenav%5Bcontroller%5D=OffCanvas&tx_luhwebsite_mobilenav%5Buid%5D=55&type=1513087837&cHash=331dabff4d9849a6361114ad5c5467ca
,432: https://www.naturwissenschaften.uni-hannover.de/de?tx_luhwebsite_mobilenav%5Baction%5D=show&tx_luhwebsite_mobilenav%5Bcontroller%5D=OffCanvas&tx_luhwebsite_mobilenav%5Buid%5D=54&type=1513087837&cHash=aabff9b4c1e72bd5d486bebab6377491
8: https://www.jura.uni-hannover.de/de,
,1: https://www.uni-hannover.de/de
,433: https://www.jura.uni-hannover.de/de/institute#c443
,434: https://www.jura.uni-hannover.de/de/institute#c445
,435: https://www.igf.uni-hannover.de/de
,436: https://www.insurance.uni-hannover.de/en
,437: https://www.jura.uni-hannover.de/de/institute#c448
,438: https://www.ki.uni-hannover.de/de
,439: https://www.ipa.uni-hannover.de/de
,440: https://www.iri.uni-hannover.de/de
,441: https://www.jura.uni-hannover.de/de/institute#c452
,442: https://www.jura.uni-hannover.de/de/institute#c453
,443: https://www.jura.uni-hannover.de/en
,444: https://www.jura.uni-hannover.de/de/kontakt
,445: https://www.jura.uni-hannover.de/de/fakultaet
,446: https://www.jura.uni-hannover.de/de/fakultaet/leitung-organisation
,447: https://www.jura.uni-hannover.de/de/personen/results/eyJsYW5nIjowfQ==?cHash=b260f5c813bcda6671f10a95b3226b3a
,448: https://www.jura.uni-hannover.de/de/institute
,449: https://www.jura.uni-hannover.de/de/berufungsverfahren
,450: https://www.jura.uni-hannover.de/de/fakultaet/professuren
,451: https://www.jura.uni-hannover.de/de/beschaeftigte-1
,452: https://www.jura.uni-hannover.de/de/diversity
,453: https://www.jura.uni-hannover.de/de/alumniverein
,454: https://www.jura.uni-hannover.de/de/studium
,455: https://www.jura.uni-hannover.de/de/studium/studienangebot-der-fakultaet
,456: https://www.jura.uni-hannover.de/de/studium/im-studium
,457: https://www.jura.uni-hannover.de/de/studium/nach-dem-studium
,458: https://www.jura.uni-hannover.de/de/studium/beratung-hilfe
,459: https://www.jura.uni-hannover.de/de/forschung
,460: https://www.jura.uni-hannover.de/de/forschung/forschungsbereiche
,461: https://www.jura.uni-hannover.de/de/forschung/publikationen
,462: https://www.jura.uni-hannover.de/de/forschung/promotion
,463: https://www.jura.uni-hannover.de/de/habilitation
,464: https://www.jura.uni-hannover.de/de/news-veranstaltungen
,465: https://www.jura.uni-hannover.de/de/news-veranstaltungen/neuigkeiten
,466: https://www.jura.uni-hannover.de/de/veranstaltungen
,467: https://www.jura.uni-hannover.de/de/newsletter
,468: https://www.jura.uni-hannover.de/de/news-veranstaltungen/stellenausschreibungen
,469: https://www.jura.uni-hannover.de/de/news-veranstaltungen/neuigkeiten/aktuelles-detailansicht/news/einladung-zur-studierendenbefragung-der-zentralen-einrichtung-fuer-qualitaetsentwicklung-in-studium-und-lehre-zqs-2
,470: https://www.jura.uni-hannover.de/de/studium/im-studium/praxiserfahrung
,471: https://www.jura.uni-hannover.de/de/studium/im-studium/campusleben-engagement
,472: https://www.jura.uni-hannover.de/de/studieninteressierte
,473: https://www.jura.uni-hannover.de/de/studierende
,474: https://www.jura.uni-hannover.de/de/news-veranstaltungen/neuigkeiten/aktuelles-detailansicht/news/justizministerin-dr-wahlmann-zeichnet-niedersachsens-beste-nachwuchsjuristinnen-und-juristen-aus-2024
,475: https://www.jura.uni-hannover.de/de/news-veranstaltungen/neuigkeiten/aktuelles-detailansicht/news/digitalisierung-automatisierung-und-konfliktfuehrung-rueckblick-auf-das-3-hannoversche-gespraech-zum-humanitaeren-voelkerrecht
,476: https://www.jura.uni-hannover.de/de/news-veranstaltungen/neuigkeiten/aktuelles-detailansicht/news/tutoriumspreise-fuer-beste-tutorien-im-wintersemester-2023-24-verliehen
,477: https://www.jura.uni-hannover.de/de/news-veranstaltungen/neuigkeiten/aktuelles-detailansicht/news/advo-z-zertifikat-fuer-anwaltliche-berufspraxis-verliehen
,478: https://www.jura.uni-hannover.de/de/news-veranstaltungen/neuigkeiten/aktuelles-detailansicht/news/bewerbungen-ab-sofort-moeglich-gruppenpraktikum-bei-den-niedersaechsischen-verwaltungsbehoerden-2024
,479: https://www.jura.uni-hannover.de/de/veranstaltungen/detailansicht-veranstaltungen/news/feministische-herausforderungen-an-das-fluechtlingsrecht
,480: https://www.jura.uni-hannover.de/de/veranstaltungen/detailansicht-veranstaltungen/news/7-hannoversches-symposium-zum-gesellschafts-und-steuerrecht
,481: https://www.jura.uni-hannover.de/de/veranstaltungen/detailansicht-veranstaltungen/news/studienfinanzierung-bafoeg-studienkredite-stipendien-und-jobben-1
,482: https://www.jura.uni-hannover.de/de/veranstaltungen/detailansicht-veranstaltungen/news/geld-wenn-viel-zu-viel-ist-ueber-reichtum-ueberreichtum-und-die-initiative-taxmenow-1
,483: https://www.jura.uni-hannover.de/de/veranstaltungen/detailansicht-veranstaltungen/news/graffiti-und-politik-illegales-spruehen-als-form-des-protests
,484: https://www.jura.uni-hannover.de/de/veranstaltungen/alle-veranstaltungen
,485: https://www.facebook.com/jurahannover
,486: https://x.com/jurahannover
,487: https://www.youtube.com/@jurahannover
,488: https://www.instagram.com/jurahannover
,489: https://linkedin.com/company/jurahannover
,77: https://www.uni-hannover.de/de/copyright
,490: https://www.jura.uni-hannover.de/de/impressum
,79: https://www.uni-hannover.de/de/datenschutzerklaerung
,491: https://www.jura.uni-hannover.de/de/barrierefreiheit
,492: https://www.jura.uni-hannover.de/de/sitemap
,493: https://www.jura.uni-hannover.de/de?tx_luhwebsite_mobilenav%5Baction%5D=show&tx_luhwebsite_mobilenav%5Bcontroller%5D=OffCanvas&tx_luhwebsite_mobilenav%5Buid%5D=478&type=1513087837&cHash=dde3e0a1ed6c63c2f9e11a732cc48c8f
,494: https://www.jura.uni-hannover.de/de?tx_luhwebsite_mobilenav%5Baction%5D=show&tx_luhwebsite_mobilenav%5Bcontroller%5D=OffCanvas&tx_luhwebsite_mobilenav%5Buid%5D=423&type=1513087837&cHash=6c3653d657f75004654b662a1e48b7e7
,495: https://www.jura.uni-hannover.de/de?tx_luhwebsite_mobilenav%5Baction%5D=show&tx_luhwebsite_mobilenav%5Bcontroller%5D=OffCanvas&tx_luhwebsite_mobilenav%5Buid%5D=406&type=1513087837&cHash=56073ea0b316370a6989d5b181636a99
,496: https://www.jura.uni-hannover.de/de?tx_luhwebsite_mobilenav%5Baction%5D=show&tx_luhwebsite_mobilenav%5Bcontroller%5D=OffCanvas&tx_luhwebsite_mobilenav%5Buid%5D=38&type=1513087837&cHash=434b40a69b599477bcbba605e703b851
9: https://www.phil.uni-hannover.de/de,
,1: https://www.uni-hannover.de/de
,497: https://www.ifbe.uni-hannover.de/de
,498: https://www.cells.uni-hannover.de/de
,499: https://www.germanistik.uni-hannover.de/de
,500: https://www.idd.uni-hannover.de/de
,501: https://www.engsem.uni-hannover.de/de
,502: https://www.iew.uni-hannover.de/de
,503: https://www.igk.uni-hannover.de/de
,504: https://www.hist.uni-hannover.de/de
,505: https://www.psychologie.uni-hannover.de/de
,506: https://www.philos.uni-hannover.de/de
,507: https://www.ipw.uni-hannover.de/de
,508: https://www.irw.uni-hannover.de/de
,509: https://www.romanistik.uni-hannover.de/de
,510: https://www.ifs.uni-hannover.de/de
,511: https://www.ish.uni-hannover.de/de
,512: https://www.sportwiss.uni-hannover.de/de
,513: https://www.theo.uni-hannover.de/de
,514: https://www.phil.uni-hannover.de/de/kontakt-1
,515: https://www.phil.uni-hannover.de/de/fakultaet
,516: https://www.phil.uni-hannover.de/de/fakultaet/fakultaetsleitung
,517: https://www.phil.uni-hannover.de/de/fakultaet/berufungen
,518: https://www.phil.uni-hannover.de/de/fakultaet/gremien-kommissionen
,519: https://www.phil.uni-hannover.de/de/fakultaet/gleichstellung
,520: https://www.phil.uni-hannover.de/de/fakultaet/institute
,521: https://www.phil.uni-hannover.de/de/fakultaet/internationales
,522: https://www.phil.uni-hannover.de/de/fakultaet/personenverzeichnis/results/eyJsYW5nIjowfQ==?cHash=811372c1920e5033dad2629aab8643d6
,523: https://www.phil.uni-hannover.de/de/fakultaet/fakultaetsinterne-informationen
,524: https://www.phil.uni-hannover.de/de/studium
,525: https://www.phil.uni-hannover.de/de/studium/studiengaengefaecher
,526: https://www.phil.uni-hannover.de/de/studium/finanzielle-foerderung
,527: https://www.phil.uni-hannover.de/de/studium/start-ins-studium
,528: https://www.phil.uni-hannover.de/de/studium/studien-und-lehrqualitaet
,529: https://www.phil.uni-hannover.de/de/studium/im-studium
,530: https://www.phil.uni-hannover.de/de/studium/lehren-pruefen
,531: https://www.phil.uni-hannover.de/de/studium/nach-dem-studium
,532: https://www.phil.uni-hannover.de/de/studium/beratung-hilfe
,533: https://www.phil.uni-hannover.de/de/forschung
,534: https://www.phil.uni-hannover.de/de/forschung/forschungsschwerpunkte
,535: https://www.phil.uni-hannover.de/de/forschung/promotion
,536: https://www.phil.uni-hannover.de/de/forschung/forschungsprojekte
,537: https://www.phil.uni-hannover.de/de/forschung/postdocs-und-habilitation
,538: https://www.phil.uni-hannover.de/de/forschung/forschungsfoerderung
,539: https://www.phil.uni-hannover.de/de/forschung/interdisziplinaere-forschungsverbuende
,540: https://www.phil.uni-hannover.de/de/news-veranstaltungen
,541: https://www.phil.uni-hannover.de/de/news-veranstaltungen/news
,542: https://www.phil.uni-hannover.de/de/news-veranstaltungen/absolventinnen-und-absolventenfeier
,543: https://www.phil.uni-hannover.de/de/news-veranstaltungen/promotionsfeier
,544: https://www.phil.uni-hannover.de/de/news-veranstaltungen/info-phil-mailverteiler
,545: https://www.phil.uni-hannover.de/de/news-veranstaltungen/news/aktuelles-detailansicht/news/auszeichnung-fuer-exzellente-lehre
,546: https://www.literarischersalon.de/2024/02/21/geld-wenn-viel-zu-viel-ist
,547: https://www.phil.uni-hannover.de/de/news-veranstaltungen/news/aktuelles-detailansicht/news/philippe-van-basshuysen-neuer-professor-am-cells-1
,548: https://www.phil.uni-hannover.de/de/news-veranstaltungen/news/aktuelles-detailansicht/news/norddeutschlandweite-premiere-an-der-luh-zertifikate-zur-ausbildung-von-niederdeutschlehrerinnen
,549: https://www.uni-hannover.de/de/universitaet/aktuelles/online-aktuell/details/news/niedersaechsischer-wissenschaftspreis-fuer-professoren-und-studierendenteam-der-luh
,550: https://www.lse.uni-hannover.de/de/transfer/schulprojekte/25
,143: https://standortfinder.uni-hannover.de/de
,141: https://qis.verwaltung.uni-hannover.de/qisserver/rds?state=wtree&search=1&menuid=lectureindex
,140: https://studip.uni-hannover.de
,142: https://www.uni-hannover.de/de/studium/semestertermine
,551: https://www.uni-hannover.de/de/studium/im-studium/pruefungsinfos-fachberatung
,552: https://www.phil.uni-hannover.de/de/news-veranstaltungen/news/aktuelles-detailansicht/news/luh-studierendenbefragung-2024-gestartet
,553: https://www.phil.uni-hannover.de/de/news-veranstaltungen/news/aktuelles-detailansicht/news/luh-im-fach-philosophie-sehr-gut-gerankt
,554: https://www.uni-hannover.de/de/universitaet/aktuelles/veranstaltungen/detail/luhevents/9331?cHash=b0df8cb9bbf5a4c52ce1e8bfa65f3748
,555: https://www.uni-hannover.de/de/universitaet/aktuelles/veranstaltungen/detail/luhevents/9370?cHash=2a7d3d74c287246bf307888730a006df
,213: https://www.uni-hannover.de/de/universitaet/aktuelles/veranstaltungen/detail/luhevents/9393?cHash=409b2722eccf5f88b5f20ec4765f3f21
,556: https://www.uni-hannover.de/de/universitaet/aktuelles/veranstaltungen/detail/luhevents/9332?cHash=37b1736873f93c52c54e4aaaf96abcc5
,557: https://www.uni-hannover.de/de/universitaet/aktuelles/veranstaltungen/detail/luhevents/9384?cHash=67edc6a0c7b4524eecbc2d8312dbb47e
,216: https://www.uni-hannover.de/de/universitaet/aktuelles/veranstaltungen
,77: https://www.uni-hannover.de/de/copyright
,558: https://www.phil.uni-hannover.de/de/impressum
,79: https://www.uni-hannover.de/de/datenschutzerklaerung
,559: https://www.phil.uni-hannover.de/de/barrierefreiheit
,560: https://www.phil.uni-hannover.de/de/sitemap
,561: https://www.phil.uni-hannover.de/de?tx_luhwebsite_mobilenav%5Baction%5D=show&tx_luhwebsite_mobilenav%5Bcontroller%5D=OffCanvas&tx_luhwebsite_mobilenav%5Buid%5D=127&type=1513087837&cHash=2cead04f55bafccd3cec167baa65217f
,562: https://www.phil.uni-hannover.de/de?tx_luhwebsite_mobilenav%5Baction%5D=show&tx_luhwebsite_mobilenav%5Bcontroller%5D=OffCanvas&tx_luhwebsite_mobilenav%5Buid%5D=72&type=1513087837&cHash=64fdf440f1ea4e45c07065ab4dbf3a40
,563: https://www.phil.uni-hannover.de/de?tx_luhwebsite_mobilenav%5Baction%5D=show&tx_luhwebsite_mobilenav%5Bcontroller%5D=OffCanvas&tx_luhwebsite_mobilenav%5Buid%5D=55&type=1513087837&cHash=1ad1a7267be02692410890e2653259e9
,564: https://www.phil.uni-hannover.de/de?tx_luhwebsite_mobilenav%5Baction%5D=show&tx_luhwebsite_mobilenav%5Bcontroller%5D=OffCanvas&tx_luhwebsite_mobilenav%5Buid%5D=54&type=1513087837&cHash=74490e4010307134de51a90e6b3db19d
